step,KE,PE,T_insta,P_insta
0,391.301575210033,-1337.5726394999983,123.00000045477438,1.4292896176688794
1,390.80152710093626,-1337.0729278505548,122.84281755150266,1.4403740455155791
